filename,output_img,true_label,predict_label,is_true,execute_time
/content/dataset/images/test/A_1.jpg,/content/outputs/faster_rcnn_resnet101/A_1.jpg,A,A,True,417
/content/dataset/images/test/A_2.jpg,/content/outputs/faster_rcnn_resnet101/A_2.jpg,A,A,True,379
/content/dataset/images/test/A_3.jpg,/content/outputs/faster_rcnn_resnet101/A_3.jpg,A,S,False,350
/content/dataset/images/test/A_4.jpg,/content/outputs/faster_rcnn_resnet101/A_4.jpg,A,A,True,424
/content/dataset/images/test/A_5.jpg,/content/outputs/faster_rcnn_resnet101/A_5.jpg,A,S,False,430
/content/dataset/images/test/A_6.jpg,/content/outputs/faster_rcnn_resnet101/A_6.jpg,A,A,True,398
/content/dataset/images/test/B_1.jpg,/content/outputs/faster_rcnn_resnet101/B_1.jpg,B,B,True,391
/content/dataset/images/test/B_2.jpg,/content/outputs/faster_rcnn_resnet101/B_2.jpg,B,B,True,431
/content/dataset/images/test/B_3.jpg,/content/outputs/faster_rcnn_resnet101/B_3.jpg,B,B,True,408
/content/dataset/images/test/B_4.jpg,/content/outputs/faster_rcnn_resnet101/B_4.jpg,B,B,True,431
/content/dataset/images/test/B_5.jpg,/content/outputs/faster_rcnn_resnet101/B_5.jpg,B,X,False,433
/content/dataset/images/test/B_6.jpg,/content/outputs/faster_rcnn_resnet101/B_6.jpg,B,None,False,404
/content/dataset/images/test/C_1.jpg,/content/outputs/faster_rcnn_resnet101/C_1.jpg,C,C,True,384
/content/dataset/images/test/C_2.jpg,/content/outputs/faster_rcnn_resnet101/C_2.jpg,C,C,True,405
/content/dataset/images/test/C_3.jpg,/content/outputs/faster_rcnn_resnet101/C_3.jpg,C,C,True,415
/content/dataset/images/test/C_4.jpg,/content/outputs/faster_rcnn_resnet101/C_4.jpg,C,C,True,446
/content/dataset/images/test/C_5.jpg,/content/outputs/faster_rcnn_resnet101/C_5.jpg,C,C,True,425
/content/dataset/images/test/C_6.jpg,/content/outputs/faster_rcnn_resnet101/C_6.jpg,C,None,False,381
/content/dataset/images/test/D_1.jpg,/content/outputs/faster_rcnn_resnet101/D_1.jpg,D,D,True,407
/content/dataset/images/test/D_2.jpg,/content/outputs/faster_rcnn_resnet101/D_2.jpg,D,D,True,384
/content/dataset/images/test/D_3.jpg,/content/outputs/faster_rcnn_resnet101/D_3.jpg,D,D,True,415
/content/dataset/images/test/D_4.jpg,/content/outputs/faster_rcnn_resnet101/D_4.jpg,D,D,True,405
/content/dataset/images/test/D_5.jpg,/content/outputs/faster_rcnn_resnet101/D_5.jpg,D,D,True,447
/content/dataset/images/test/D_6.jpg,/content/outputs/faster_rcnn_resnet101/D_6.jpg,D,D,True,407
/content/dataset/images/test/E_1.jpg,/content/outputs/faster_rcnn_resnet101/E_1.jpg,E,E,True,400
/content/dataset/images/test/E_2.jpg,/content/outputs/faster_rcnn_resnet101/E_2.jpg,E,E,True,390
/content/dataset/images/test/E_3.jpg,/content/outputs/faster_rcnn_resnet101/E_3.jpg,E,None,False,414
/content/dataset/images/test/E_4.jpg,/content/outputs/faster_rcnn_resnet101/E_4.jpg,E,E,True,447
/content/dataset/images/test/E_5.jpg,/content/outputs/faster_rcnn_resnet101/E_5.jpg,E,None,False,455
/content/dataset/images/test/E_6.jpg,/content/outputs/faster_rcnn_resnet101/E_6.jpg,E,E,True,414
/content/dataset/images/test/F_1.jpg,/content/outputs/faster_rcnn_resnet101/F_1.jpg,F,F,True,408
/content/dataset/images/test/F_2.jpg,/content/outputs/faster_rcnn_resnet101/F_2.jpg,F,F,True,415
/content/dataset/images/test/F_3.jpg,/content/outputs/faster_rcnn_resnet101/F_3.jpg,F,F,True,439
/content/dataset/images/test/F_4.jpg,/content/outputs/faster_rcnn_resnet101/F_4.jpg,F,F,True,432
/content/dataset/images/test/F_5.jpg,/content/outputs/faster_rcnn_resnet101/F_5.jpg,F,F,True,463
/content/dataset/images/test/F_6.jpg,/content/outputs/faster_rcnn_resnet101/F_6.jpg,F,F,True,374
/content/dataset/images/test/G_1.jpg,/content/outputs/faster_rcnn_resnet101/G_1.jpg,G,G,True,430
/content/dataset/images/test/G_2.jpg,/content/outputs/faster_rcnn_resnet101/G_2.jpg,G,G,True,424
/content/dataset/images/test/G_3.jpg,/content/outputs/faster_rcnn_resnet101/G_3.jpg,G,C,False,433
/content/dataset/images/test/G_4.jpg,/content/outputs/faster_rcnn_resnet101/G_4.jpg,G,G,True,454
/content/dataset/images/test/G_5.jpg,/content/outputs/faster_rcnn_resnet101/G_5.jpg,G,G,True,475
/content/dataset/images/test/G_6.jpg,/content/outputs/faster_rcnn_resnet101/G_6.jpg,G,G,True,367
/content/dataset/images/test/H_1.jpg,/content/outputs/faster_rcnn_resnet101/H_1.jpg,H,None,False,377
/content/dataset/images/test/H_2.jpg,/content/outputs/faster_rcnn_resnet101/H_2.jpg,H,H,True,401
/content/dataset/images/test/H_3.jpg,/content/outputs/faster_rcnn_resnet101/H_3.jpg,H,None,False,422
/content/dataset/images/test/H_4.jpg,/content/outputs/faster_rcnn_resnet101/H_4.jpg,H,None,False,460
/content/dataset/images/test/H_5.jpg,/content/outputs/faster_rcnn_resnet101/H_5.jpg,H,A,False,457
/content/dataset/images/test/H_6.jpg,/content/outputs/faster_rcnn_resnet101/H_6.jpg,H,O,False,401
/content/dataset/images/test/I_1.jpg,/content/outputs/faster_rcnn_resnet101/I_1.jpg,I,I,True,414
/content/dataset/images/test/I_2.jpg,/content/outputs/faster_rcnn_resnet101/I_2.jpg,I,I,True,390
/content/dataset/images/test/I_3.jpg,/content/outputs/faster_rcnn_resnet101/I_3.jpg,I,I,True,450
/content/dataset/images/test/I_4.jpg,/content/outputs/faster_rcnn_resnet101/I_4.jpg,I,I,True,422
/content/dataset/images/test/I_5.jpg,/content/outputs/faster_rcnn_resnet101/I_5.jpg,I,I,True,466
/content/dataset/images/test/I_6.jpg,/content/outputs/faster_rcnn_resnet101/I_6.jpg,I,I,True,375
/content/dataset/images/test/J_1.jpg,/content/outputs/faster_rcnn_resnet101/J_1.jpg,J,J,True,442
/content/dataset/images/test/J_2.jpg,/content/outputs/faster_rcnn_resnet101/J_2.jpg,J,J,True,369
/content/dataset/images/test/J_3.jpg,/content/outputs/faster_rcnn_resnet101/J_3.jpg,J,J,True,420
/content/dataset/images/test/J_4.jpg,/content/outputs/faster_rcnn_resnet101/J_4.jpg,J,J,True,400
/content/dataset/images/test/J_5.jpg,/content/outputs/faster_rcnn_resnet101/J_5.jpg,J,J,True,439
/content/dataset/images/test/J_6.jpg,/content/outputs/faster_rcnn_resnet101/J_6.jpg,J,J,True,399
/content/dataset/images/test/K_1.jpg,/content/outputs/faster_rcnn_resnet101/K_1.jpg,K,K,True,395
/content/dataset/images/test/K_2.jpg,/content/outputs/faster_rcnn_resnet101/K_2.jpg,K,K,True,377
/content/dataset/images/test/K_3.jpg,/content/outputs/faster_rcnn_resnet101/K_3.jpg,K,K,True,860
/content/dataset/images/test/K_4.jpg,/content/outputs/faster_rcnn_resnet101/K_4.jpg,K,K,True,424
/content/dataset/images/test/K_5.jpg,/content/outputs/faster_rcnn_resnet101/K_5.jpg,K,K,True,416
/content/dataset/images/test/K_6.jpg,/content/outputs/faster_rcnn_resnet101/K_6.jpg,K,K,True,390
/content/dataset/images/test/L_1.jpg,/content/outputs/faster_rcnn_resnet101/L_1.jpg,L,L,True,382
/content/dataset/images/test/L_2.jpg,/content/outputs/faster_rcnn_resnet101/L_2.jpg,L,L,True,348
/content/dataset/images/test/L_3.jpg,/content/outputs/faster_rcnn_resnet101/L_3.jpg,L,L,True,399
/content/dataset/images/test/L_4.jpg,/content/outputs/faster_rcnn_resnet101/L_4.jpg,L,L,True,431
/content/dataset/images/test/L_5.jpg,/content/outputs/faster_rcnn_resnet101/L_5.jpg,L,L,True,436
/content/dataset/images/test/L_6.jpg,/content/outputs/faster_rcnn_resnet101/L_6.jpg,L,L,True,383
/content/dataset/images/test/M_1.jpg,/content/outputs/faster_rcnn_resnet101/M_1.jpg,M,M,True,390
/content/dataset/images/test/M_2.jpg,/content/outputs/faster_rcnn_resnet101/M_2.jpg,M,M,True,415
/content/dataset/images/test/M_3.jpg,/content/outputs/faster_rcnn_resnet101/M_3.jpg,M,None,False,414
/content/dataset/images/test/M_4.jpg,/content/outputs/faster_rcnn_resnet101/M_4.jpg,M,M,True,424
/content/dataset/images/test/M_5.jpg,/content/outputs/faster_rcnn_resnet101/M_5.jpg,M,S,False,398
/content/dataset/images/test/M_6.jpg,/content/outputs/faster_rcnn_resnet101/M_6.jpg,M,M,True,391
/content/dataset/images/test/N_1.jpg,/content/outputs/faster_rcnn_resnet101/N_1.jpg,N,N,True,367
/content/dataset/images/test/N_2.jpg,/content/outputs/faster_rcnn_resnet101/N_2.jpg,N,N,True,384
/content/dataset/images/test/N_3.jpg,/content/outputs/faster_rcnn_resnet101/N_3.jpg,N,N,True,404
/content/dataset/images/test/N_4.jpg,/content/outputs/faster_rcnn_resnet101/N_4.jpg,N,N,True,432
/content/dataset/images/test/N_5.jpg,/content/outputs/faster_rcnn_resnet101/N_5.jpg,N,S,False,439
/content/dataset/images/test/N_6.jpg,/content/outputs/faster_rcnn_resnet101/N_6.jpg,N,N,True,400
/content/dataset/images/test/O_1.jpg,/content/outputs/faster_rcnn_resnet101/O_1.jpg,O,O,True,399
/content/dataset/images/test/O_2.jpg,/content/outputs/faster_rcnn_resnet101/O_2.jpg,O,O,True,375
/content/dataset/images/test/O_3.jpg,/content/outputs/faster_rcnn_resnet101/O_3.jpg,O,O,True,398
/content/dataset/images/test/O_4.jpg,/content/outputs/faster_rcnn_resnet101/O_4.jpg,O,O,True,429
/content/dataset/images/test/O_5.jpg,/content/outputs/faster_rcnn_resnet101/O_5.jpg,O,O,True,439
/content/dataset/images/test/O_6.jpg,/content/outputs/faster_rcnn_resnet101/O_6.jpg,O,G,False,413
/content/dataset/images/test/P_1.jpg,/content/outputs/faster_rcnn_resnet101/P_1.jpg,P,P,True,392
/content/dataset/images/test/P_2.jpg,/content/outputs/faster_rcnn_resnet101/P_2.jpg,P,P,True,365
/content/dataset/images/test/P_3.jpg,/content/outputs/faster_rcnn_resnet101/P_3.jpg,P,None,False,411
/content/dataset/images/test/P_4.jpg,/content/outputs/faster_rcnn_resnet101/P_4.jpg,P,P,True,429
/content/dataset/images/test/P_5.jpg,/content/outputs/faster_rcnn_resnet101/P_5.jpg,P,None,False,441
/content/dataset/images/test/P_6.jpg,/content/outputs/faster_rcnn_resnet101/P_6.jpg,P,None,False,409
/content/dataset/images/test/Q_1.jpg,/content/outputs/faster_rcnn_resnet101/Q_1.jpg,Q,None,False,398
/content/dataset/images/test/Q_2.jpg,/content/outputs/faster_rcnn_resnet101/Q_2.jpg,Q,Q,True,382
/content/dataset/images/test/Q_3.jpg,/content/outputs/faster_rcnn_resnet101/Q_3.jpg,Q,None,False,400
/content/dataset/images/test/Q_4.jpg,/content/outputs/faster_rcnn_resnet101/Q_4.jpg,Q,None,False,421
/content/dataset/images/test/Q_5.jpg,/content/outputs/faster_rcnn_resnet101/Q_5.jpg,Q,None,False,415
/content/dataset/images/test/Q_6.jpg,/content/outputs/faster_rcnn_resnet101/Q_6.jpg,Q,Q,True,368
/content/dataset/images/test/R_1.jpg,/content/outputs/faster_rcnn_resnet101/R_1.jpg,R,D,False,405
/content/dataset/images/test/R_2.jpg,/content/outputs/faster_rcnn_resnet101/R_2.jpg,R,D,False,401
/content/dataset/images/test/R_3.jpg,/content/outputs/faster_rcnn_resnet101/R_3.jpg,R,D,False,373
/content/dataset/images/test/R_4.jpg,/content/outputs/faster_rcnn_resnet101/R_4.jpg,R,D,False,430
/content/dataset/images/test/R_5.jpg,/content/outputs/faster_rcnn_resnet101/R_5.jpg,R,D,False,446
/content/dataset/images/test/R_6.jpg,/content/outputs/faster_rcnn_resnet101/R_6.jpg,R,U,False,409
/content/dataset/images/test/S_1.jpg,/content/outputs/faster_rcnn_resnet101/S_1.jpg,S,S,True,401
/content/dataset/images/test/S_2.jpg,/content/outputs/faster_rcnn_resnet101/S_2.jpg,S,S,True,405
/content/dataset/images/test/S_3.jpg,/content/outputs/faster_rcnn_resnet101/S_3.jpg,S,None,False,367
/content/dataset/images/test/S_4.jpg,/content/outputs/faster_rcnn_resnet101/S_4.jpg,S,S,True,431
/content/dataset/images/test/S_5.jpg,/content/outputs/faster_rcnn_resnet101/S_5.jpg,S,S,True,450
/content/dataset/images/test/S_6.jpg,/content/outputs/faster_rcnn_resnet101/S_6.jpg,S,M,False,367
/content/dataset/images/test/T_1.jpg,/content/outputs/faster_rcnn_resnet101/T_1.jpg,T,T,True,395
/content/dataset/images/test/T_2.jpg,/content/outputs/faster_rcnn_resnet101/T_2.jpg,T,T,True,410
/content/dataset/images/test/T_3.jpg,/content/outputs/faster_rcnn_resnet101/T_3.jpg,T,T,True,424
/content/dataset/images/test/T_4.jpg,/content/outputs/faster_rcnn_resnet101/T_4.jpg,T,T,True,448
/content/dataset/images/test/T_5.jpg,/content/outputs/faster_rcnn_resnet101/T_5.jpg,T,T,True,445
/content/dataset/images/test/T_6.jpg,/content/outputs/faster_rcnn_resnet101/T_6.jpg,T,None,False,380
/content/dataset/images/test/U_1.jpg,/content/outputs/faster_rcnn_resnet101/U_1.jpg,U,None,False,400
/content/dataset/images/test/U_2.jpg,/content/outputs/faster_rcnn_resnet101/U_2.jpg,U,F,False,404
/content/dataset/images/test/U_3.jpg,/content/outputs/faster_rcnn_resnet101/U_3.jpg,U,D,False,423
/content/dataset/images/test/U_4.jpg,/content/outputs/faster_rcnn_resnet101/U_4.jpg,U,X,False,440
/content/dataset/images/test/U_5.jpg,/content/outputs/faster_rcnn_resnet101/U_5.jpg,U,None,False,454
/content/dataset/images/test/U_6.jpg,/content/outputs/faster_rcnn_resnet101/U_6.jpg,U,None,False,367
/content/dataset/images/test/V_1.jpg,/content/outputs/faster_rcnn_resnet101/V_1.jpg,V,K,False,438
/content/dataset/images/test/V_2.jpg,/content/outputs/faster_rcnn_resnet101/V_2.jpg,V,V,True,817
/content/dataset/images/test/V_3.jpg,/content/outputs/faster_rcnn_resnet101/V_3.jpg,V,K,False,436
/content/dataset/images/test/V_4.jpg,/content/outputs/faster_rcnn_resnet101/V_4.jpg,V,K,False,462
/content/dataset/images/test/V_5.jpg,/content/outputs/faster_rcnn_resnet101/V_5.jpg,V,D,False,425
/content/dataset/images/test/V_6.jpg,/content/outputs/faster_rcnn_resnet101/V_6.jpg,V,None,False,368
/content/dataset/images/test/W_1.jpg,/content/outputs/faster_rcnn_resnet101/W_1.jpg,W,W,True,389
/content/dataset/images/test/W_2.jpg,/content/outputs/faster_rcnn_resnet101/W_2.jpg,W,W,True,351
/content/dataset/images/test/W_3.jpg,/content/outputs/faster_rcnn_resnet101/W_3.jpg,W,W,True,384
/content/dataset/images/test/W_4.jpg,/content/outputs/faster_rcnn_resnet101/W_4.jpg,W,W,True,423
/content/dataset/images/test/W_5.jpg,/content/outputs/faster_rcnn_resnet101/W_5.jpg,W,None,False,432
/content/dataset/images/test/W_6.jpg,/content/outputs/faster_rcnn_resnet101/W_6.jpg,W,W,True,388
/content/dataset/images/test/X_1.jpg,/content/outputs/faster_rcnn_resnet101/X_1.jpg,X,X,True,410
/content/dataset/images/test/X_2.jpg,/content/outputs/faster_rcnn_resnet101/X_2.jpg,X,X,True,367
/content/dataset/images/test/X_3.jpg,/content/outputs/faster_rcnn_resnet101/X_3.jpg,X,X,True,365
/content/dataset/images/test/X_4.jpg,/content/outputs/faster_rcnn_resnet101/X_4.jpg,X,X,True,448
/content/dataset/images/test/X_5.jpg,/content/outputs/faster_rcnn_resnet101/X_5.jpg,X,X,True,437
/content/dataset/images/test/X_6.jpg,/content/outputs/faster_rcnn_resnet101/X_6.jpg,X,X,True,369
/content/dataset/images/test/Y_1.jpg,/content/outputs/faster_rcnn_resnet101/Y_1.jpg,Y,Y,True,353
/content/dataset/images/test/Y_2.jpg,/content/outputs/faster_rcnn_resnet101/Y_2.jpg,Y,Y,True,358
/content/dataset/images/test/Y_3.jpg,/content/outputs/faster_rcnn_resnet101/Y_3.jpg,Y,Y,True,414
/content/dataset/images/test/Y_4.jpg,/content/outputs/faster_rcnn_resnet101/Y_4.jpg,Y,Y,True,449
/content/dataset/images/test/Y_5.jpg,/content/outputs/faster_rcnn_resnet101/Y_5.jpg,Y,Y,True,404
/content/dataset/images/test/Y_6.jpg,/content/outputs/faster_rcnn_resnet101/Y_6.jpg,Y,Y,True,415
/content/dataset/images/test/Z_1.jpg,/content/outputs/faster_rcnn_resnet101/Z_1.jpg,Z,Z,True,407
/content/dataset/images/test/Z_2.jpg,/content/outputs/faster_rcnn_resnet101/Z_2.jpg,Z,Z,True,396
/content/dataset/images/test/Z_3.jpg,/content/outputs/faster_rcnn_resnet101/Z_3.jpg,Z,Z,True,440
/content/dataset/images/test/Z_4.jpg,/content/outputs/faster_rcnn_resnet101/Z_4.jpg,Z,Z,True,433
/content/dataset/images/test/Z_5.jpg,/content/outputs/faster_rcnn_resnet101/Z_5.jpg,Z,Z,True,417
/content/dataset/images/test/Z_6.jpg,/content/outputs/faster_rcnn_resnet101/Z_6.jpg,Z,Z,True,383
